obs_date,plant_id,height_cm,leaves,internode_cm,spad,lai,note,recorded_by,updated_at
2026-09-07,1,0,0,,,,,Emma,2026-09-15T22:23:17.222+00:00
2026-09-07,2,0,0,,,,,Emma,2026-09-15T22:23:20.452+00:00
2026-09-07,3,0,0,,,,,Emma,2026-09-15T22:23:23.68+00:00
2026-09-07,4,0,0,,,,,Emma,2026-09-15T22:23:31.697+00:00
2026-09-07,5,0,0,,,,,Emma,2026-09-15T22:23:29.148+00:00
2026-09-07,6,0,0,,,,,Emma,2026-09-15T22:23:26.268+00:00
2026-09-07,7,0,0,,,,,Emma,2026-09-15T22:23:36.166+00:00
2026-09-07,8,0,0,,,,,Emma,2026-09-15T22:23:39.551+00:00
2026-09-07,9,0,0,,,,,Emma,2026-09-15T22:23:41.693+00:00
2026-09-07,10,0,0,,,,,Emma,2026-09-15T22:23:49.945+00:00
2026-09-07,11,0,0,,,,,Emma,2026-09-15T22:23:47.319+00:00
2026-09-07,12,0,0,,,,,Emma,2026-09-15T22:23:44.859+00:00
2026-09-08,1,0,0,,,,no growth,Emma,2026-09-15T18:14:15.961+00:00
2026-09-08,2,0,0,,,,no growth,Emma,2026-09-15T22:22:33.819+00:00
2026-09-08,3,0,0,,,,no growth,Emma,2026-09-15T18:14:22.841+00:00
2026-09-08,4,0,0,,,,no growth,Emma,2026-09-15T22:22:31.923+00:00
2026-09-08,5,0,0,,,,emergence,Emma,2026-09-15T18:14:29.305+00:00
2026-09-08,6,0,0,,,,no growth,Emma,2026-09-15T18:14:25.63+00:00
2026-09-08,7,0,0,,,,no growth,Emma,2026-09-21T18:13:45.017+00:00
2026-09-08,8,0,0,,,,emergence,Emma,2026-09-21T18:13:46.61+00:00
2026-09-08,9,0,0,,,,emergence,Emma,2026-09-15T22:22:45.123+00:00
2026-09-08,10,0,0,,,,emergence,Emma,2026-09-21T18:13:51.698+00:00
2026-09-08,11,0,0,,,,emergence,Emma,2026-09-21T18:13:50.377+00:00
2026-09-08,12,0,0,,,,emergence,Emma,2026-09-21T18:13:49.019+00:00
2026-09-09,1,0,0,,,,no growth,Emma,2026-09-15T18:13:35.692+00:00
2026-09-09,2,0,0,,,,no growth,Emma,2026-09-15T18:13:38.942+00:00
2026-09-09,3,0,0,,,,no growth,Emma,2026-09-15T18:13:41.412+00:00
2026-09-09,4,0,0,,,,no growth,Emma,2026-09-15T18:13:49.499+00:00
2026-09-09,5,0,0,,,,emergence,Emma,2026-09-15T18:13:46.598+00:00
2026-09-09,6,0,0,,,,no growth,Emma,2026-09-15T18:13:43.995+00:00
2026-09-09,7,0,0,,,,no growth,Emma,2026-09-15T18:13:56.449+00:00
2026-09-09,8,0,0,,,,emergence,Emma,2026-09-15T18:13:58.585+00:00
2026-09-09,9,0,0,,,,emergence,Emma,2026-09-15T18:14:00.774+00:00
2026-09-09,10,0,0,,,,emergence,Emma,2026-09-15T18:14:08.928+00:00
2026-09-09,11,0,0,,,,emergence,Emma,2026-09-15T18:14:05.885+00:00
2026-09-09,12,0,0,,,,emergence,Emma,2026-09-15T18:14:03.606+00:00
2026-09-10,1,0,0,,,,no growth,Emma,2026-09-15T18:13:06.429+00:00
2026-09-10,2,0,0,,,,no growth,Emma,2026-09-15T18:13:08.702+00:00
2026-09-10,3,0,0,,,,no growth,Emma,2026-09-15T18:13:11.009+00:00
2026-09-10,4,0,0,,,,emergence,Emma,2026-09-15T18:13:17.751+00:00
2026-09-10,5,1.5,0,,,,,Emma,2026-09-15T18:13:15.064+00:00
2026-09-10,6,0,0,,,,no growth,Emma,2026-09-15T18:13:13.462+00:00
2026-09-10,7,0,0,,,,no growth,Emma,2026-09-15T18:13:20.807+00:00
2026-09-10,8,1.3,0,,,,,Emma,2026-09-15T18:13:22.707+00:00
2026-09-10,9,2.5,0,,,,,Emma,2026-09-15T18:13:24.27+00:00
2026-09-10,10,3,0,,,,,Emma,2026-09-15T18:13:28.907+00:00
2026-09-10,11,2,0,,,,,Emma,2026-09-15T18:13:27.447+00:00
2026-09-10,12,3.5,0,,,,,Emma,2026-09-15T18:13:26.107+00:00
2026-09-11,1,0,0,,,,no growth,Emma,2026-09-15T18:12:38.114+00:00
2026-09-11,2,0,0,,,,no growth,Emma,2026-09-15T18:12:35.22+00:00
2026-09-11,3,0,0,,,,no growth,Emma,2026-09-15T18:12:40.316+00:00
2026-09-11,4,0,0,,,,emergence,Emma,2026-09-15T18:12:50.764+00:00
2026-09-11,5,2.5,2,,,,,Emma,2026-09-15T17:39:02.624+00:00
2026-09-11,6,0,0,,,,no growth,Emma,2026-09-15T18:12:45.982+00:00
2026-09-11,7,0,0,,,,no growth,Emma,2026-09-15T18:12:55.465+00:00
2026-09-11,8,2.5,2,,,,,Emma,2026-09-15T17:39:15.085+00:00
2026-09-11,9,3.5,2,,,,,Emma,2026-09-15T17:39:19.76+00:00
2026-09-11,10,3.5,2,,,,,Emma,2026-09-15T17:39:28.734+00:00
2026-09-11,11,2.5,,,,,,Emma,2026-09-15T17:39:41.06+00:00
2026-09-11,12,5,2,,,,,Emma,2026-09-15T17:39:52.09+00:00
2026-09-14,1,0,0,,,,no growth,Emma,2026-09-15T18:11:26.746+00:00
2026-09-14,2,0,0,,,,no growth,Emma,2026-09-15T18:11:34.996+00:00
2026-09-14,3,0,0,,,,no growth,Emma,2026-09-15T18:11:38.212+00:00
2026-09-14,4,2.5,0,,,,,Emma,2026-09-15T18:11:43.009+00:00
2026-09-14,5,5.5,2,,,,,Emma,2026-09-15T17:41:33.293+00:00
2026-09-14,6,0,0,,,,no growth,Emma,2026-09-15T18:11:40.99+00:00
2026-09-14,7,0,,,,,no growth,Emma,2026-09-15T18:11:47.659+00:00
2026-09-14,8,6,2,,,,,Emma,2026-09-15T17:41:46.667+00:00
2026-09-14,9,6.5,2,,,,,Emma,2026-09-15T17:41:53.794+00:00
2026-09-14,10,5,2,,,,,Emma,2026-09-15T17:42:01.413+00:00
2026-09-14,11,4,1,,,,,Emma,2026-09-15T17:42:06.904+00:00
2026-09-14,12,9,2,,,,,Emma,2026-09-15T17:42:08.335+00:00
2026-09-15,1,0,0,,,,,Emma,2026-09-15T22:24:54.151+00:00
2026-09-15,2,0,0,,,,,Emma,2026-09-15T22:24:56.238+00:00
2026-09-15,3,0,0,,,,,Emma,2026-09-15T22:24:58.919+00:00
2026-09-15,4,2,1,,,,,Emma,2026-10-08T18:00:16.755+00:00
2026-09-15,5,7,2,,,,,Emma,2026-09-15T22:25:26.858+00:00
2026-09-15,6,0,0,,,,,Emma,2026-09-15T22:25:04.084+00:00
2026-09-15,7,0,0,,,,,Emma,2026-09-15T22:25:32.726+00:00
2026-09-15,8,7,3,,,,,Emma,2026-09-15T22:25:43.998+00:00
2026-09-15,9,7.5,2,,,,,Emma,2026-09-15T22:25:53.779+00:00
2026-09-15,10,6,2,,,,,Emma,2026-09-17T23:22:21.584+00:00
2026-09-15,11,5,2,,,,,Emma,2026-09-15T22:26:03.343+00:00
2026-09-15,12,9.5,3,,,,,Emma,2026-09-17T23:22:14.512+00:00
2026-09-16,1,0,0,,,,,Emma,2026-09-21T18:24:59.095+00:00
2026-09-16,2,0,0,,,,,Emma,2026-09-21T18:25:00.5+00:00
2026-09-16,3,0,0,,,,,Emma,2026-09-21T18:25:01.859+00:00
2026-09-16,4,3,2,,,,,Emma,2026-10-08T18:01:48.254+00:00
2026-09-16,5,7.5,3,,,,,Emma,2026-09-21T18:26:25.22+00:00
2026-09-16,6,0,0,,,,,Emma,2026-09-21T18:25:09.88+00:00
2026-09-16,7,0,0,,,,,Emma,2026-09-21T18:25:16.619+00:00
2026-09-16,8,7.5,3,,,,,Emma,2026-09-21T18:26:34.27+00:00
2026-09-16,9,8,3,,,,,Emma,2026-09-21T18:26:40.861+00:00
2026-09-16,10,7,2,,,,,Emma,2026-09-21T18:26:47.468+00:00
2026-09-16,11,7.5,2,,,,,Emma,2026-09-21T18:26:54.019+00:00
2026-09-16,12,10,4,,,,,Emma,2026-09-21T18:27:00.735+00:00
2026-09-17,1,0,0,,,,,Emma,2026-09-21T18:34:38.921+00:00
2026-09-17,2,0,0,,,,,Emma,2026-09-21T18:34:40.774+00:00
2026-09-17,3,0,0,,,,,Emma,2026-09-21T18:34:42.115+00:00
2026-09-17,4,4,2,,,,,Emma,2026-10-08T18:02:20.974+00:00
2026-09-17,5,7.5,3,,,,,Emma,2026-10-08T18:02:30.042+00:00
2026-09-17,6,0,0,,,,,Emma,2026-09-21T18:35:03.167+00:00
2026-09-17,7,0,0,,,,,Emma,2026-09-21T18:35:05.182+00:00
2026-09-17,8,8,3,,,,,Emma,2026-10-08T18:02:38.025+00:00
2026-09-17,9,9,4,,,,,Emma,2026-10-08T18:02:42.478+00:00
2026-09-17,10,8.5,3,,,,,Emma,2026-10-08T18:02:50.319+00:00
2026-09-17,11,8,2,,,,,Emma,2026-10-08T18:02:54.87+00:00
2026-09-17,12,11.5,4,,,,,Emma,2026-10-08T18:03:01.198+00:00
2026-09-18,1,0,0,,0,,,Emma,2026-10-08T18:03:54.945+00:00
2026-09-18,2,0,0,,0,,,Emma,2026-10-08T18:03:55.962+00:00
2026-09-18,3,0,0,,0,,,Emma,2026-10-08T18:03:56.982+00:00
2026-09-18,4,4.5,2,,33.5,,,Emma,2026-10-08T18:06:35.223+00:00
2026-09-18,5,8,4,,40.2,,,Emma,2026-10-08T18:06:44.071+00:00
2026-09-18,6,0,0,,0,,,Emma,2026-10-08T18:06:22.454+00:00
2026-09-18,7,0,0,,0,,,Emma,2026-10-08T18:04:22.218+00:00
2026-09-18,8,9,4,,47.8,,,Emma,2026-10-08T18:06:50.067+00:00
2026-09-18,9,11,4,,34,,,Emma,2026-10-08T18:06:53.791+00:00
2026-09-18,10,8.5,3,,38.3,,,Emma,2026-10-08T18:05:44.405+00:00
2026-09-18,11,9,3,,46.8,,,Emma,2026-10-08T18:05:49.246+00:00
2026-09-18,12,12.5,4,,38.7,,,Emma,2026-10-08T18:05:53.656+00:00
2026-09-21,1,0,0,,,,,Emma,2026-09-21T18:23:40.331+00:00
2026-09-21,2,0,0,,,,,Emma,2026-09-21T18:23:42.576+00:00
2026-09-21,3,0,0,,,,,Emma,2026-09-21T18:23:44.24+00:00
2026-09-21,4,6,4,,,,,Emma,2026-09-21T18:23:58.913+00:00
2026-09-21,5,12,5,,,,,Emma,2026-09-21T18:24:08.491+00:00
2026-09-21,6,0,0,,,,,Emma,2026-09-21T18:23:49.076+00:00
2026-09-21,7,0,0,,,,,Emma,2026-09-21T18:24:13.532+00:00
2026-09-21,8,14,5,,,,,Emma,2026-09-21T18:24:18.819+00:00
2026-09-21,9,14,4,,,,,Emma,2026-09-21T18:24:23.506+00:00
2026-09-21,10,11.5,4,,,,,Emma,2026-09-21T18:24:31.432+00:00
2026-09-21,11,12,4,,,,,Emma,2026-09-21T18:24:35.199+00:00
2026-09-21,12,17,5,,,,,Emma,2026-09-21T18:24:38.959+00:00
2026-09-22,1,0,0,,,,,Emma,2026-10-08T18:08:20.002+00:00
2026-09-22,2,0,0,,,,,Emma,2026-10-08T18:08:21.208+00:00
2026-09-22,3,0,0,,,,,Emma,2026-10-08T18:08:22.673+00:00
2026-09-22,4,8.5,4,,,,,Emma,2026-10-08T18:08:39.246+00:00
2026-09-22,5,13,6,,,,,Emma,2026-10-08T18:08:43.682+00:00
2026-09-22,6,0,0,,,,,Emma,2026-10-08T18:08:24.68+00:00
2026-09-22,7,0,0,,,,,Emma,2026-10-08T18:08:26.869+00:00
2026-09-22,8,15.5,6,,,,,Emma,2026-10-08T18:08:50.717+00:00
2026-09-22,9,16,5,,,,,Emma,2026-10-08T18:08:55.346+00:00
2026-09-22,10,13,5,,,,,Emma,2026-10-08T18:09:14.621+00:00
2026-09-22,11,13.5,5,,,,,Emma,2026-10-08T18:09:21.722+00:00
2026-09-22,12,20,6,,,,,Emma,2026-10-08T18:09:26.162+00:00
2026-09-23,1,0,0,,,,,Emma,2026-10-08T18:09:37.741+00:00
2026-09-23,2,0,0,,,,,Emma,2026-10-08T18:09:38.825+00:00
2026-09-23,3,0,0,,,,,Emma,2026-10-08T18:09:40.225+00:00
2026-09-23,4,8.5,4,,,,,Emma,2026-10-08T18:12:41.139+00:00
2026-09-23,5,13.5,6,,,,,Emma,2026-10-08T18:15:42.159+00:00
2026-09-23,6,0,0,,,,,Emma,2026-10-08T18:09:51.214+00:00
2026-09-23,7,0,0,,,,,Emma,2026-10-08T18:09:53.665+00:00
2026-09-23,8,16.5,6,,,,,Emma,2026-10-08T18:16:06.405+00:00
2026-09-23,9,17.5,5,,,,,Emma,2026-10-08T18:16:21.186+00:00
2026-09-23,10,13,5,,,,,Emma,2026-10-08T18:16:34.533+00:00
2026-09-23,11,14,6,,,,,Emma,2026-10-08T18:16:50.357+00:00
2026-09-23,12,22,6,,,,,Emma,2026-10-08T18:17:01.884+00:00
2026-09-24,1,0,0,,,,,Emma,2026-10-08T18:17:15.316+00:00
2026-09-24,2,0,0,,,,,Emma,2026-10-08T18:17:16.677+00:00
2026-09-24,3,0,0,,,,,Emma,2026-10-08T18:17:18.103+00:00
2026-09-24,4,9.5,4,,,,,Emma,2026-10-08T18:17:31.714+00:00
2026-09-24,5,13.5,7,,,,,Emma,2026-10-08T18:17:56.887+00:00
2026-09-24,6,0,0,,,,,Emma,2026-10-08T18:17:20.393+00:00
2026-09-24,7,0,0,,,,,Emma,2026-10-08T18:17:23.653+00:00
2026-09-24,8,17,7,,,,,Emma,2026-10-08T18:18:10.19+00:00
2026-09-24,9,17.5,5,,,,,Emma,2026-10-08T18:18:19.172+00:00
2026-09-24,10,13.5,5,,,,,Emma,2026-10-08T18:18:28.281+00:00
2026-09-24,11,15,6,,,,,Emma,2026-10-08T18:18:38.509+00:00
2026-09-24,12,22.5,6,,,,,Emma,2026-10-08T18:18:48.111+00:00
2026-09-25,1,0,0,,0,,,Emma,2026-10-08T18:19:12.111+00:00
2026-09-25,2,0,0,,0,,,Emma,2026-10-08T18:19:14.236+00:00
2026-09-25,3,0,0,,0,,,Emma,2026-10-08T18:19:16.304+00:00
2026-09-25,4,10,5,,,,,Emma,2026-10-08T18:19:50.919+00:00
2026-09-25,5,15,7,,,,,Emma,2026-10-08T18:20:14.351+00:00
2026-09-25,6,0,0,,0,,,Emma,2026-10-08T18:19:24.126+00:00
2026-09-25,7,0,0,,0,,,Emma,2026-10-08T18:19:28.195+00:00
2026-09-25,8,18,7,,,,,Emma,2026-10-08T18:21:01.184+00:00
2026-09-25,9,18,5,,,,,Emma,2026-10-08T18:21:11.758+00:00
2026-09-25,10,14.5,6,,,,,Emma,2026-10-08T18:21:21.802+00:00
2026-09-25,11,16.5,6,,,,,Emma,2026-10-08T18:21:29.42+00:00
2026-09-25,12,22.5,7,,,,,Emma,2026-10-08T18:21:39.761+00:00
2026-09-28,1,0,0,,,,,Emma,2026-10-08T18:22:10.146+00:00
2026-09-28,2,0,0,,,,,Emma,2026-10-08T18:22:11.368+00:00
2026-09-28,3,0,0,,,,,Emma,2026-10-08T18:22:13.476+00:00
2026-09-28,4,15.5,6,,,,,Emma,2026-10-08T18:22:37.421+00:00
2026-09-28,5,17.5,8,,,,,Emma,2026-10-08T18:22:58.361+00:00
2026-09-28,6,0,0,,,,,Emma,2026-10-08T18:22:15.464+00:00
2026-09-28,7,0,0,,,,,Emma,2026-10-08T18:22:17.61+00:00
2026-09-28,8,22.5,7,,,,,Emma,2026-10-08T18:23:10.75+00:00
2026-09-28,9,20,6,,,,,Emma,2026-10-08T18:23:17.65+00:00
2026-09-28,10,16.5,7,,,,,Emma,2026-10-08T18:23:30.28+00:00
2026-09-28,11,18,6,,,,,Emma,2026-10-08T18:23:39.535+00:00
2026-09-28,12,25,8,,,,,Emma,2026-10-08T18:23:46.782+00:00
2026-09-29,1,0,0,,,,,Emma,2026-10-08T18:24:07.267+00:00
2026-09-29,2,0,0,,,,,Emma,2026-10-08T18:24:08.71+00:00
2026-09-29,3,0,0,,,,,Emma,2026-10-08T18:24:09.86+00:00
2026-09-29,4,15.5,6,,,,,Emma,2026-10-08T18:24:23.948+00:00
2026-09-29,5,20,9,,,,,Emma,2026-10-08T18:24:41.655+00:00
2026-09-29,6,0,0,,,,,Emma,2026-10-08T18:24:12.096+00:00
2026-09-29,7,0,0,,,,,Emma,2026-10-08T18:24:13.964+00:00
2026-09-29,8,24,8,,,,,Emma,2026-10-08T18:24:56.491+00:00
2026-09-29,9,22.5,6,,,,,Emma,2026-10-08T18:25:04.027+00:00
2026-09-29,10,16.5,7,,,,,Emma,2026-10-08T18:25:26.396+00:00
2026-09-29,11,19,6,,,,,Emma,2026-10-08T18:25:39.606+00:00
2026-09-29,12,25.5,8,,,,,Emma,2026-10-08T18:25:46.26+00:00
2026-09-30,1,0,0,,,,,Emma,2026-10-08T18:25:56.961+00:00
2026-09-30,2,0,0,,,,,Emma,2026-10-08T18:25:58.252+00:00
2026-09-30,3,0,0,,,,,Emma,2026-10-08T18:25:59.399+00:00
2026-09-30,4,16,6,,,,,Emma,2026-10-08T18:26:11.497+00:00
2026-09-30,5,23,9,,,,,Emma,2026-10-08T18:26:31.738+00:00
2026-09-30,6,0,0,,,,,Emma,2026-10-08T18:26:02.194+00:00
2026-09-30,7,0,0,,,,,Emma,2026-10-08T18:26:04.114+00:00
2026-09-30,8,25,9,,,,,Emma,2026-10-08T18:26:44.455+00:00
2026-09-30,9,23,7,,,,,Emma,2026-10-08T18:26:51.523+00:00
2026-09-30,10,17.5,7,,,,,Emma,2026-10-08T18:26:58.605+00:00
2026-09-30,11,19,6,,,,,Emma,2026-10-08T18:27:08.526+00:00
2026-09-30,12,26,8,,,,,Emma,2026-10-08T18:27:16.186+00:00
2026-10-01,1,0,0,,,,,Emma,2026-10-08T18:27:22.969+00:00
2026-10-01,2,0,0,,,,,Emma,2026-10-08T18:27:24.2+00:00
2026-10-01,3,0,0,,,,,Emma,2026-10-08T18:27:25.606+00:00
2026-10-01,4,16.5,7,,,,,Emma,2026-10-08T18:27:36.605+00:00
2026-10-01,5,24.5,9,,,,,Emma,2026-10-08T18:27:41.243+00:00
2026-10-01,6,0,0,,,,,Emma,2026-10-08T18:27:28.282+00:00
2026-10-01,7,0,0,,,,,Emma,2026-10-08T18:27:30.137+00:00
2026-10-01,8,25.5,9,,,,,Emma,2026-10-08T18:27:47.113+00:00
2026-10-01,9,24,8,,,,,Emma,2026-10-08T18:27:54.49+00:00
2026-10-01,10,18,7,,,,,Emma,2026-10-08T18:27:59.813+00:00
2026-10-01,11,20.5,6,,,,,Emma,2026-10-08T18:28:04.472+00:00
2026-10-01,12,27,8,,,,,Emma,2026-10-08T18:28:08.195+00:00
2026-10-02,1,0,0,,0,,,Emma,2026-10-08T18:28:39.366+00:00
2026-10-02,2,0,0,,0,,,Emma,2026-10-08T18:28:41.302+00:00
2026-10-02,3,0,0,,0,,,Emma,2026-10-08T18:28:43.001+00:00
2026-10-02,4,17,7,,,,,Emma,2026-10-08T18:29:00.615+00:00
2026-10-02,5,25.5,9,,,,,Emma,2026-10-08T18:29:07.733+00:00
2026-10-02,6,0,0,,0,,,Emma,2026-10-08T18:28:45.848+00:00
2026-10-02,7,0,0,,0,,,Emma,2026-10-08T18:28:48.496+00:00
2026-10-02,8,25.5,9,,,,,Emma,2026-10-08T18:29:24.916+00:00
2026-10-02,9,24.5,9,,,,,Emma,2026-10-08T18:29:33.318+00:00
2026-10-02,10,19,8,,,,,Emma,2026-10-08T18:29:42.027+00:00
2026-10-02,11,20.5,7,,,,,Emma,2026-10-08T18:29:48.898+00:00
2026-10-02,12,27.5,9,,,,,Emma,2026-10-08T18:29:55.694+00:00
2026-10-05,1,0,0,,,,,Emma,2026-10-08T18:30:03.663+00:00
2026-10-05,2,0,0,,,,,Emma,2026-10-08T18:30:05.077+00:00
2026-10-05,3,0,0,,,,,Emma,2026-10-08T18:30:06.85+00:00
2026-10-05,4,19.5,9,,,,,Emma,2026-10-08T18:30:16.913+00:00
2026-10-05,5,29,11,,,,,Emma,2026-10-08T18:30:21.415+00:00
2026-10-05,6,0,0,,,,,Emma,2026-10-08T18:30:10.351+00:00
2026-10-05,7,0,0,,,,,Emma,2026-10-08T18:30:11.966+00:00
2026-10-05,8,30,10,,,,,Emma,2026-10-08T18:30:28.082+00:00
2026-10-05,9,28.5,10,,,,,Emma,2026-10-08T18:30:35.549+00:00
2026-10-05,10,21,8,,,,,Emma,2026-10-08T18:30:40.315+00:00
2026-10-05,11,24,9,,,,,Emma,2026-10-08T18:30:44.666+00:00
2026-10-05,12,30.5,10,,,,,Emma,2026-10-08T18:30:49.531+00:00
2026-10-06,1,0,0,,,,,Emma,2026-10-08T18:30:58.749+00:00
2026-10-06,2,0,0,,,,,Emma,2026-10-08T18:30:59.794+00:00
2026-10-06,3,0,0,,,,,Emma,2026-10-08T18:31:01.081+00:00
2026-10-06,4,20,9,,,,,Emma,2026-10-08T18:32:34.616+00:00
2026-10-06,5,30,13,,,,,Emma,2026-10-08T18:32:39.398+00:00
2026-10-06,6,0,0,,,,,Emma,2026-10-08T18:31:03.07+00:00
2026-10-06,7,0,0,,,,,Emma,2026-10-08T18:31:04.944+00:00
2026-10-06,8,32,12,,,,,Emma,2026-10-08T18:32:43.855+00:00
2026-10-06,9,29,10,,,,,Emma,2026-10-08T18:32:49.98+00:00
2026-10-06,10,23,9,,,,,Emma,2026-10-08T18:32:56.313+00:00
2026-10-06,11,25,10,,,,,Emma,2026-10-08T18:33:00.828+00:00
2026-10-06,12,30.5,12,,,,,Emma,2026-10-08T18:33:05.673+00:00
2026-10-07,1,0,0,,,,,Emma,2026-10-08T18:33:10.702+00:00
2026-10-07,2,0,0,,,,,Emma,2026-10-08T18:33:13.123+00:00
2026-10-07,3,0,0,,,,,Emma,2026-10-08T18:33:14.654+00:00
2026-10-07,4,21,9,,,,,Emma,2026-10-08T18:33:23.68+00:00
2026-10-07,5,31,14,,,,,Emma,2026-10-08T18:33:28.618+00:00
2026-10-07,6,0,0,,,,,Emma,2026-10-08T18:33:16.497+00:00
2026-10-07,7,0,0,,,,,Emma,2026-10-08T18:33:18.481+00:00
2026-10-07,8,33,14,,,,,Emma,2026-10-08T18:33:34.87+00:00
2026-10-07,9,31,10,,,,,Emma,2026-10-08T18:33:39.478+00:00
2026-10-07,10,23.5,9,,,,,Emma,2026-10-08T18:33:56.673+00:00
2026-10-07,11,26.5,11,,,,,Emma,2026-10-08T18:34:04.576+00:00
2026-10-07,12,31,13,,,,,Emma,2026-10-08T18:34:09.862+00:00
